
{
    "apiName":"BankingCC",
    "apiVersion":"1.0",
    "apiId":"3291ec91-77e8-46f6-b27c-c17f4a9bb170",
    "baseUrl":"https://16549B19877743C598F5AB62809C7D72.uscom-central-1.oraclecloud.com:443",
    "tokenEndpoint":"https://idcs-f39015c6dacf4d658daeac06bb39e471.identity.oraclecloud.com/oauth2/v1/token",
    "backend":{
        "backendId":"<YOUR_BACKEND_ID>",
        "backendName":"<YOUR_BACKEND_NAME>",
        "backendVersion":"<YOUR_BACKEND_VERSION>",
        "authorization":{
            "anonymousKey":"<BACKEND_ANONYMOUS_KEY>",
            "clientId":"<BACKEND_CLIENT_ID>",
            "clientSecret":"<BACKEND_CLIENT_SECRET>"
        }
    },
    "tools":{
        "deployment":{
            "tempDirectory":"c:\\tmp\\mcs-deploy"
        },
        "authorization":{
            "clientId":"<OMCE_TM_APP_CLIENT_ID>",
            "clientSecret":"<OMCE_TM_APP_CLIENT_SECRET>"
        }
    },
    "container":{
        "oracleMobileApiName":"OracleMobileAPI",
        "port":4000
    },
    "tests":{
        "getComponents":{
            "method":"GET",
            "resource":"/components"
        }
    }
}