{"apiVersion":"1.0","swaggerVersion":"1.2","basePath":"/mobile/custom/BankingApi","apis":[{"path":"/accounts","operations":[{"description":"Account List","type":"array","items":{"$ref":"model1"},"example":"[\n  {\n    \"type\": \"checking\",\n    \"id\": \"903423-123\"\n  },\n  {\n    \"type\": \"savings\",\n    \"id\": \"258293-832\"\n  },\n  {\n    \"type\": \"401k\",\n    \"id\": \"4321-1234\"\n  },\n  {\n    \"type\": \"stock\",\n    \"id\": \"67632-2332\"\n  },\n  {\n    \"type\": \"credit card\",\n    \"id\": \"4352-3423-1234-5239\",\n    \"limit\": 5000\n  }\n]\n","method":"GET","nickname":"GET","parameters":[],"responseMessages":[{"code":200}],"produces":["application/json"]}]},{"path":"/accounts/{id}","operations":[{"type":"account_singleton","example":"{\n  \"type\": \"credit card\",\n  \"id\": \"4352-3423-1234-5239\",\n  \"limit\": 5000\n}\n","method":"GET","nickname":"GET","parameters":[{"name":"id","type":"string","paramType":"path","allowMultiple":false,"required":true}],"responseMessages":[{"example":"{\n  \"type\": \"credit card\",\n  \"id\": \"4352-3423-1234-5239\",\n  \"limit\": 5000\n}\n","code":200,"model":"account_singleton"}],"produces":["application/json"]}]},{"path":"/accounts/{id}/balance","operations":[{"type":"account_balance","example":"{\n  \"type\": \"credit card\",\n  \"id\": \"4352-3423-1234-5239\",\n  \"balance\": 2334.56,\n  \"limit\": 2665.44\n}\n","method":"GET","nickname":"GET","parameters":[{"name":"id","type":"string","paramType":"path","allowMultiple":false,"required":true}],"notes":"Retrieving balance for a specific account","responseMessages":[{"example":"{\n  \"type\": \"credit card\",\n  \"id\": \"4352-3423-1234-5239\",\n  \"balance\": 2334.56,\n  \"limit\": 2665.44\n}\n","code":200,"model":"account_balance"}],"produces":["application/json"]}]},{"path":"/accounts/{id}/transactions","operations":[{"description":"Transaction List","type":"array","items":{"$ref":"model2"},"example":"[\n  {\n    \"date\": \"2016-01-20\",\n    \"type\": \"payment\",\n    \"category\": \"billing cycle\",\n    \"description\": \"Payment for 01/15 billing cycle\",\n    \"fromAccountType\": \"credit card\",\n    \"amount\": 230.45\n  },\n  {\n    \"date\": \"2016-01-22\",\n    \"type\": \"debit\",\n    \"category\": \"travel\",\n    \"description\": \"Merchant 1\",\n    \"fromAccountType\": \"credit card\",\n    \"amount\": -103.28\n  },\n  {\n    \"date\": \"2016-03-20\",\n    \"type\": \"debit\",\n    \"category\": \"gas\",\n    \"description\": \"Merchant 2\",\n    \"fromAccountType\": \"credit card\",\n    \"amount\": -8.25\n  },\n  {\n    \"date\": \"2016-04-15\",\n    \"type\": \"debit\",\n    \"category\": \"restaurants\",\n    \"description\": \"Merchant 3\",\n    \"fromAccountType\": \"credit card\",\n    \"amount\": -60\n  },\n  {\n    \"date\": \"2016-04-25\",\n    \"type\": \"credit\",\n    \"category\": \"restaurants\",\n    \"description\": \"Merchant 3, refund\",\n    \"fromAccountType\": \"credit card\",\n    \"amount\": 20\n  },\n  {\n    \"date\": \"2016-04-28\",\n    \"type\": \"debit\",\n    \"category\": \"retail\",\n    \"description\": \"Merchant 4, retail\",\n    \"fromAccountType\": \"credit card\",\n    \"amount\": -234\n  }\n]\n","method":"GET","nickname":"GET","parameters":[{"name":"id","type":"string","paramType":"path","allowMultiple":false,"required":true},{"name":"category","type":"string","paramType":"query","allowMultiple":false,"required":false}],"responseMessages":[{"code":200}],"produces":["application/json"]},{"type":"transaction_singleton","example":"{\n  \"date\": \"2016-01-20\",\n  \"type\": \"debit\",\n  \"category\": \"payment\",\n  \"description\": \"Payment for 01/15 billing cycle\",\n  \"amount\": 230.45\n}\n","method":"POST","nickname":"POST","parameters":[{"name":"id","type":"string","paramType":"path","allowMultiple":false,"required":true},{"name":"body","type":"transaction_create","example":"{          \n  \"date\": \"2016-01-20T10:34:31Z\",\n  \"type\" : \"payment\",\n  \"description\" : \"Payment for the babysitter\",  \n  \"fromAccountType\": \"credit card\",\n  \"toAccount\": \"the babysitter\",\n  \"amount\": 500\n}\n","paramType":"body"}],"notes":"New transaction for payment","responseMessages":[{"example":"{\n  \"date\": \"2016-01-20\",\n  \"type\": \"debit\",\n  \"category\": \"payment\",\n  \"description\": \"Payment for 01/15 billing cycle\",\n  \"amount\": 230.45\n}\n","code":200,"model":"transaction_singleton"}],"produces":["application/json"],"consumes":["application/json"]}]},{"path":"/accounts/{id}/transactions/{tid}","operations":[{"type":"transaction_singleton","example":"{\n  \"date\": \"2016-01-20\",\n  \"type\": \"payment\",\n  \"category\": \"billing cycle\",\n  \"description\": \"Payment for 01/15 billing cycle\",\n  \"amount\": 230.45\n}\n","method":"GET","nickname":"GET","parameters":[{"name":"tid","type":"string","paramType":"path","allowMultiple":false,"required":true},{"name":"id","type":"string","paramType":"path","allowMultiple":false,"required":true}],"responseMessages":[{"example":"{\n  \"date\": \"2016-01-20\",\n  \"type\": \"payment\",\n  \"category\": \"billing cycle\",\n  \"description\": \"Payment for 01/15 billing cycle\",\n  \"amount\": 230.45\n}\n","code":200,"model":"transaction_singleton"}],"produces":["application/json"]}]},{"path":"/stats","operations":[{"type":"amountbycategory","example":"{\n  \"categoryDimension\": \"category\",\n  \"account\": \"4352-3423-1234-5239\",\n  \"metrics\": [\n    {\n      \"account\": \"4352-3423-1234-5239\",\n      \"date\": \"2016-01-20\",\n      \"type\": \"debit\",\n      \"category\": \"payment\",\n      \"description\": \"Payment for 01/15 billing cycle\",\n      \"amount\": 230.45\n    },\n    {\n      \"account\": \"4352-3423-1234-5239\",\n      \"date\": \"2016-01-22\",\n      \"type\": \"debit\",\n      \"category\": \"travel\",\n      \"description\": \"Merchant 1\",\n      \"amount\": -103.28\n    },\n    {\n      \"account\": \"4352-3423-1234-5239\",\n      \"date\": \"2016-03-20\",\n      \"type\": \"debit\",\n      \"category\": \"gas\",\n      \"description\": \"Merchant 2\",\n      \"amount\": -8.25\n    },\n    {\n      \"account\": \"4352-3423-1234-5239\",\n      \"date\": \"2016-04-15\",\n      \"type\": \"debit\",\n      \"category\": \"restaurants\",\n      \"description\": \"Merchant 3\",\n      \"amount\": -60\n    },\n    {\n      \"account\": \"4352-3423-1234-5239\",\n      \"date\": \"2016-04-25\",\n      \"type\": \"credit\",\n      \"category\": \"restaurants\",\n      \"description\": \"Merchant 3, refund\",\n      \"amount\": 20\n    },\n    {\n      \"account\": \"4352-3423-1234-5239\",\n      \"date\": \"2016-04-28\",\n      \"type\": \"debit\",\n      \"category\": \"retail\",\n      \"description\": \"Merchant 4, retail\",\n      \"amount\": -234\n    },\n    {\n      \"account\": \"258293-832\",\n      \"date\": \"2016-01-20T10:34:31Z\",\n      \"type\": \"deposit\",\n      \"category\": \"deposit\",\n      \"description\": \"Deposit\",\n      \"amount\": 230.45\n    },\n    {\n      \"account\": \"258293-832\",\n      \"date\": \"2016-01-22T10:34:31Z\",\n      \"type\": \"withdrawal\",\n      \"category\": \"withdrawal\",\n      \"description\": \"Withdrawal\",\n      \"amount\": -100\n    },\n    {\n      \"account\": \"258293-832\",\n      \"date\": \"2016-03-20T10:34:31Z\",\n      \"type\": \"withdrawal\",\n      \"category\": \"withdrawal\",\n      \"description\": \"Withdrawal\",\n      \"amount\": -5\n    },\n    {\n      \"account\": \"258293-832\",\n      \"date\": \"2016-03-22T10:34:31Z\",\n      \"type\": \"deposit\",\n      \"category\": \"deposit\",\n      \"description\": \"Deposit\",\n      \"amount\": 952\n    },\n    {\n      \"account\": \"258293-832\",\n      \"date\": \"2016-03-22T10:34:31Z\",\n      \"type\": \"deposit\",\n      \"category\": \"deposit\",\n      \"description\": \"Deposit\",\n      \"amount\": 952\n    },\n    {\n      \"account\": \"258293-832\",\n      \"date\": \"2016-03-23T10:34:31Z\",\n      \"type\": \"deposit\",\n      \"category\": \"deposit\",\n      \"description\": \"Deposit\",\n      \"amount\": 111.11\n    },\n    {\n      \"account\": \"258293-832\",\n      \"date\": \"2016-03-24T10:34:31Z\",\n      \"type\": \"deposit\",\n      \"category\": \"deposit\",\n      \"description\": \"Deposit\",\n      \"amount\": 500\n    },\n    {\n      \"account\": \"258293-832\",\n      \"date\": \"2016-04-15T10:34:31Z\",\n      \"type\": \"withdrawal\",\n      \"category\": \"withdrawal\",\n      \"description\": \"Withdrawal\",\n      \"amount\": -60\n    },\n    {\n      \"account\": \"258293-832\",\n      \"date\": \"2016-04-16T10:34:31Z\",\n      \"type\": \"deposit\",\n      \"category\": \"deposit\",\n      \"description\": \"Deposit\",\n      \"amount\": 50\n    },\n    {\n      \"account\": \"258293-832\",\n      \"date\": \"2016-04-25T10:34:31Z\",\n      \"type\": \"deposit\",\n      \"category\": \"deposit\",\n      \"description\": \"Deposit\",\n      \"amount\": 20\n    },\n    {\n      \"account\": \"258293-832\",\n      \"date\": \"2016-04-26T10:34:31Z\",\n      \"type\": \"withdrawal\",\n      \"category\": \"withdrawal\",\n      \"description\": \"Withdrawal\",\n      \"amount\": -40\n    },\n    {\n      \"account\": \"903423-123\",\n      \"date\": \"2016-01-20T10:34:31Z\",\n      \"type\": \"deposit\",\n      \"category\": \"deposit\",\n      \"description\": \"Deposit\",\n      \"amount\": 230.45\n    },\n    {\n      \"account\": \"903423-123\",\n      \"date\": \"2016-01-22T10:34:31Z\",\n      \"type\": \"withdrawal\",\n      \"category\": \"withdrawal\",\n      \"description\": \"Withdrawal\",\n      \"amount\": -100\n    },\n    {\n      \"account\": \"903423-123\",\n      \"date\": \"2016-02-05T10:34:31Z\",\n      \"type\": \"check\",\n      \"category\": \"check\",\n      \"description\": \"Check\",\n      \"amount\": -30.45\n    },\n    {\n      \"account\": \"903423-123\",\n      \"date\": \"2016-03-20T10:34:31Z\",\n      \"type\": \"withdrawal\",\n      \"category\": \"withdrawal\",\n      \"description\": \"Withdrawal\",\n      \"amount\": -10\n    },\n    {\n      \"account\": \"903423-123\",\n      \"date\": \"2016-03-22T10:34:31Z\",\n      \"type\": \"deposit\",\n      \"category\": \"deposit\",\n      \"description\": \"Deposit\",\n      \"amount\": 952\n    },\n    {\n      \"account\": \"903423-123\",\n      \"date\": \"2016-03-22T10:34:31Z\",\n      \"type\": \"deposit\",\n      \"category\": \"deposit\",\n      \"description\": \"Deposit\",\n      \"amount\": 962\n    },\n    {\n      \"account\": \"903423-123\",\n      \"date\": \"2016-03-23T10:34:31Z\",\n      \"type\": \"deposit\",\n      \"category\": \"deposit\",\n      \"description\": \"Deposit\",\n      \"amount\": 111.11\n    },\n    {\n      \"account\": \"903423-123\",\n      \"date\": \"2016-03-24T10:34:31Z\",\n      \"type\": \"deposit\",\n      \"category\": \"deposit\",\n      \"description\": \"Deposit\",\n      \"amount\": 500\n    },\n    {\n      \"account\": \"903423-123\",\n      \"date\": \"2016-04-02T10:34:31Z\",\n      \"type\": \"check\",\n      \"category\": \"check\",\n      \"description\": \"Check\",\n      \"amount\": -250.55\n    },\n    {\n      \"account\": \"903423-123\",\n      \"date\": \"2016-04-15T10:34:31Z\",\n      \"type\": \"withdrawal\",\n      \"category\": \"withdrawal\",\n      \"description\": \"Withdrawal\",\n      \"amount\": -60\n    },\n    {\n      \"account\": \"903423-123\",\n      \"date\": \"2016-04-16T10:34:31Z\",\n      \"type\": \"deposit\",\n      \"category\": \"deposit\",\n      \"description\": \"Deposit\",\n      \"amount\": 50\n    },\n    {\n      \"account\": \"903423-123\",\n      \"date\": \"2016-04-25T10:34:31Z\",\n      \"type\": \"deposit\",\n      \"category\": \"deposit\",\n      \"description\": \"Deposit\",\n      \"amount\": 20\n    },\n    {\n      \"account\": \"903423-123\",\n      \"date\": \"2016-04-26T10:34:31Z\",\n      \"type\": \"withdrawal\",\n      \"category\": \"withdrawal\",\n      \"description\": \"Withdrawal\",\n      \"amount\": -40\n    }\n  ]\n}","method":"GET","nickname":"GET","parameters":[{"name":"category","type":"string","paramType":"query","allowMultiple":false,"required":false}],"responseMessages":[{"example":"{\n  \"categoryDimension\": \"category\",\n  \"account\": \"4352-3423-1234-5239\",\n  \"metrics\": [\n    {\n      \"account\": \"4352-3423-1234-5239\",\n      \"date\": \"2016-01-20\",\n      \"type\": \"debit\",\n      \"category\": \"payment\",\n      \"description\": \"Payment for 01/15 billing cycle\",\n      \"amount\": 230.45\n    },\n    {\n      \"account\": \"4352-3423-1234-5239\",\n      \"date\": \"2016-01-22\",\n      \"type\": \"debit\",\n      \"category\": \"travel\",\n      \"description\": \"Merchant 1\",\n      \"amount\": -103.28\n    },\n    {\n      \"account\": \"4352-3423-1234-5239\",\n      \"date\": \"2016-03-20\",\n      \"type\": \"debit\",\n      \"category\": \"gas\",\n      \"description\": \"Merchant 2\",\n      \"amount\": -8.25\n    },\n    {\n      \"account\": \"4352-3423-1234-5239\",\n      \"date\": \"2016-04-15\",\n      \"type\": \"debit\",\n      \"category\": \"restaurants\",\n      \"description\": \"Merchant 3\",\n      \"amount\": -60\n    },\n    {\n      \"account\": \"4352-3423-1234-5239\",\n      \"date\": \"2016-04-25\",\n      \"type\": \"credit\",\n      \"category\": \"restaurants\",\n      \"description\": \"Merchant 3, refund\",\n      \"amount\": 20\n    },\n    {\n      \"account\": \"4352-3423-1234-5239\",\n      \"date\": \"2016-04-28\",\n      \"type\": \"debit\",\n      \"category\": \"retail\",\n      \"description\": \"Merchant 4, retail\",\n      \"amount\": -234\n    },\n    {\n      \"account\": \"258293-832\",\n      \"date\": \"2016-01-20T10:34:31Z\",\n      \"type\": \"deposit\",\n      \"category\": \"deposit\",\n      \"description\": \"Deposit\",\n      \"amount\": 230.45\n    },\n    {\n      \"account\": \"258293-832\",\n      \"date\": \"2016-01-22T10:34:31Z\",\n      \"type\": \"withdrawal\",\n      \"category\": \"withdrawal\",\n      \"description\": \"Withdrawal\",\n      \"amount\": -100\n    },\n    {\n      \"account\": \"258293-832\",\n      \"date\": \"2016-03-20T10:34:31Z\",\n      \"type\": \"withdrawal\",\n      \"category\": \"withdrawal\",\n      \"description\": \"Withdrawal\",\n      \"amount\": -5\n    },\n    {\n      \"account\": \"258293-832\",\n      \"date\": \"2016-03-22T10:34:31Z\",\n      \"type\": \"deposit\",\n      \"category\": \"deposit\",\n      \"description\": \"Deposit\",\n      \"amount\": 952\n    },\n    {\n      \"account\": \"258293-832\",\n      \"date\": \"2016-03-22T10:34:31Z\",\n      \"type\": \"deposit\",\n      \"category\": \"deposit\",\n      \"description\": \"Deposit\",\n      \"amount\": 952\n    },\n    {\n      \"account\": \"258293-832\",\n      \"date\": \"2016-03-23T10:34:31Z\",\n      \"type\": \"deposit\",\n      \"category\": \"deposit\",\n      \"description\": \"Deposit\",\n      \"amount\": 111.11\n    },\n    {\n      \"account\": \"258293-832\",\n      \"date\": \"2016-03-24T10:34:31Z\",\n      \"type\": \"deposit\",\n      \"category\": \"deposit\",\n      \"description\": \"Deposit\",\n      \"amount\": 500\n    },\n    {\n      \"account\": \"258293-832\",\n      \"date\": \"2016-04-15T10:34:31Z\",\n      \"type\": \"withdrawal\",\n      \"category\": \"withdrawal\",\n      \"description\": \"Withdrawal\",\n      \"amount\": -60\n    },\n    {\n      \"account\": \"258293-832\",\n      \"date\": \"2016-04-16T10:34:31Z\",\n      \"type\": \"deposit\",\n      \"category\": \"deposit\",\n      \"description\": \"Deposit\",\n      \"amount\": 50\n    },\n    {\n      \"account\": \"258293-832\",\n      \"date\": \"2016-04-25T10:34:31Z\",\n      \"type\": \"deposit\",\n      \"category\": \"deposit\",\n      \"description\": \"Deposit\",\n      \"amount\": 20\n    },\n    {\n      \"account\": \"258293-832\",\n      \"date\": \"2016-04-26T10:34:31Z\",\n      \"type\": \"withdrawal\",\n      \"category\": \"withdrawal\",\n      \"description\": \"Withdrawal\",\n      \"amount\": -40\n    },\n    {\n      \"account\": \"903423-123\",\n      \"date\": \"2016-01-20T10:34:31Z\",\n      \"type\": \"deposit\",\n      \"category\": \"deposit\",\n      \"description\": \"Deposit\",\n      \"amount\": 230.45\n    },\n    {\n      \"account\": \"903423-123\",\n      \"date\": \"2016-01-22T10:34:31Z\",\n      \"type\": \"withdrawal\",\n      \"category\": \"withdrawal\",\n      \"description\": \"Withdrawal\",\n      \"amount\": -100\n    },\n    {\n      \"account\": \"903423-123\",\n      \"date\": \"2016-02-05T10:34:31Z\",\n      \"type\": \"check\",\n      \"category\": \"check\",\n      \"description\": \"Check\",\n      \"amount\": -30.45\n    },\n    {\n      \"account\": \"903423-123\",\n      \"date\": \"2016-03-20T10:34:31Z\",\n      \"type\": \"withdrawal\",\n      \"category\": \"withdrawal\",\n      \"description\": \"Withdrawal\",\n      \"amount\": -10\n    },\n    {\n      \"account\": \"903423-123\",\n      \"date\": \"2016-03-22T10:34:31Z\",\n      \"type\": \"deposit\",\n      \"category\": \"deposit\",\n      \"description\": \"Deposit\",\n      \"amount\": 952\n    },\n    {\n      \"account\": \"903423-123\",\n      \"date\": \"2016-03-22T10:34:31Z\",\n      \"type\": \"deposit\",\n      \"category\": \"deposit\",\n      \"description\": \"Deposit\",\n      \"amount\": 962\n    },\n    {\n      \"account\": \"903423-123\",\n      \"date\": \"2016-03-23T10:34:31Z\",\n      \"type\": \"deposit\",\n      \"category\": \"deposit\",\n      \"description\": \"Deposit\",\n      \"amount\": 111.11\n    },\n    {\n      \"account\": \"903423-123\",\n      \"date\": \"2016-03-24T10:34:31Z\",\n      \"type\": \"deposit\",\n      \"category\": \"deposit\",\n      \"description\": \"Deposit\",\n      \"amount\": 500\n    },\n    {\n      \"account\": \"903423-123\",\n      \"date\": \"2016-04-02T10:34:31Z\",\n      \"type\": \"check\",\n      \"category\": \"check\",\n      \"description\": \"Check\",\n      \"amount\": -250.55\n    },\n    {\n      \"account\": \"903423-123\",\n      \"date\": \"2016-04-15T10:34:31Z\",\n      \"type\": \"withdrawal\",\n      \"category\": \"withdrawal\",\n      \"description\": \"Withdrawal\",\n      \"amount\": -60\n    },\n    {\n      \"account\": \"903423-123\",\n      \"date\": \"2016-04-16T10:34:31Z\",\n      \"type\": \"deposit\",\n      \"category\": \"deposit\",\n      \"description\": \"Deposit\",\n      \"amount\": 50\n    },\n    {\n      \"account\": \"903423-123\",\n      \"date\": \"2016-04-25T10:34:31Z\",\n      \"type\": \"deposit\",\n      \"category\": \"deposit\",\n      \"description\": \"Deposit\",\n      \"amount\": 20\n    },\n    {\n      \"account\": \"903423-123\",\n      \"date\": \"2016-04-26T10:34:31Z\",\n      \"type\": \"withdrawal\",\n      \"category\": \"withdrawal\",\n      \"description\": \"Withdrawal\",\n      \"amount\": -40\n    }\n  ]\n}","code":200,"model":"amountbycategory"}],"produces":["application/json"]}]}],"models":{"model3":{"id":"model3","properties":{"date":{"name":"date","type":"string"},"amount":{"name":"amount","type":"integer","format":"int64"},"description":{"name":"description","type":"string"},"type":{"name":"type","type":"string"},"category":{"name":"category","type":"string"},"account":{"name":"account","type":"string"}}},"amountbycategory":{"id":"amountbycategory","description":"Statistics by Category","properties":{"categoryDimension":{"name":"categoryDimension","type":"string"},"metrics":{"name":"metrics","type":"array","items":{"$ref":"model3"}},"account":{"name":"account","type":"string"}}},"model2":{"id":"model2","properties":{"date":{"name":"date","type":"string"},"fromAccountType":{"name":"fromAccountType","type":"string"},"amount":{"name":"amount","type":"integer","format":"int64"},"description":{"name":"description","type":"string"},"type":{"name":"type","type":"string"},"category":{"name":"category","type":"string"}}},"model1":{"id":"model1","properties":{"limit":{"name":"limit","type":"number","format":"double"},"id":{"name":"id","type":"string"},"type":{"name":"type","type":"string","enum":["checking","savings","401k","stock","credit card"]}}},"account_balance":{"id":"account_balance","description":"Balance for a specific Account","properties":{"balance":{"name":"balance","type":"integer","format":"int64"},"limit":{"name":"limit","type":"number","format":"double"},"id":{"name":"id","type":"string"},"type":{"name":"type","type":"string","enum":["checking","savings","401k","stock","credit card"]}}},"transaction_create":{"id":"transaction_create","description":"New transaction for payment","properties":{"date":{"name":"date","type":"string"},"fromAccountType":{"name":"fromAccountType","type":"string"},"toAccount":{"name":"toAccount","type":"string","enum":["Lauren","Sasha","Mom","AMEX","the babysitter"]},"amount":{"name":"amount","type":"number","format":"double"},"description":{"name":"description","type":"string"},"type":{"name":"type","type":"string","enum":["deposit","withdrawal","payment","check","debit","credit"]}}},"account_singleton":{"id":"account_singleton","description":"Account Details","properties":{"limit":{"name":"limit","type":"number","format":"double"},"id":{"name":"id","type":"string"},"type":{"name":"type","type":"string","enum":["checking","savings","401k","stock","credit card"]}}},"transaction_singleton":{"id":"transaction_singleton","description":"Transaction Detail","properties":{"date":{"name":"date","type":"string"},"amount":{"name":"amount","type":"number","format":"double"},"description":{"name":"description","type":"string"},"type":{"name":"type","type":"string"},"category":{"name":"category","type":"string"}}}},"info":{"title":"BankingApi","description":"Banking custom API for Banking Bot and MAX app"}}