
{
    "apiName":"BankingApi",
    "apiVersion":"1.0",
    "apiId":"756f23ce-9c69-4500-a969-5b4ce01da4aa",
    "baseUrl":"https://16549B19877743C598F5AB62809C7D72.uscom-central-1.oraclecloud.com:443",
    "tokenEndpoint":"https://idcs-f39015c6dacf4d658daeac06bb39e471.identity.oraclecloud.com/oauth2/v1/token",
    "backend":{
        "backendId":"<YOUR_BACKEND_ID>",
        "backendName":"<YOUR_BACKEND_NAME>",
        "backendVersion":"<YOUR_BACKEND_VERSION>",
        "authorization":{
            "anonymousKey":"<BACKEND_ANONYMOUS_KEY>",
            "clientId":"<BACKEND_CLIENT_ID>",
            "clientSecret":"<BACKEND_CLIENT_SECRET>"
        }
    },
    "tools":{
        "deployment":{
            "tempDirectory":"c:\\tmp\\mcs-deploy"
        },
        "authorization":{
            "clientId":"<OMCE_TM_APP_CLIENT_ID>",
            "clientSecret":"<OMCE_TM_APP_CLIENT_SECRET>"
        }
    },
    "container":{
        "oracleMobileApiName":"OracleMobileAPI",
        "port":4000
    },
    "tests":{
        "getAccounts":{
            "method":"GET",
            "resource":"/accounts"
        },
        "postAccountsIdTransactions":{
            "method":"POST",
            "resource":"/accounts/:id/transactions",
            "uriParameters":{
                "id":"<PARAMETER_VALUE>"
            },
            "payload":{
                "date":"2016-01-20T10:34:31Z",
                "type":"payment",
                "description":"Payment for the babysitter",
                "fromAccountType":"credit card",
                "toAccount":"the babysitter",
                "amount":500
            }
        },
        "getAccountsIdTransactions":{
            "method":"GET",
            "resource":"/accounts/:id/transactions",
            "uriParameters":{
                "id":"<PARAMETER_VALUE>"
            }
        },
        "getStats":{
            "method":"GET",
            "resource":"/stats"
        },
        "getAccountsId":{
            "method":"GET",
            "resource":"/accounts/:id",
            "uriParameters":{
                "id":"<PARAMETER_VALUE>"
            }
        },
        "getAccountsIdBalance":{
            "method":"GET",
            "resource":"/accounts/:id/balance",
            "uriParameters":{
                "id":"<PARAMETER_VALUE>"
            }
        },
        "getAccountsIdTransactionsTid":{
            "method":"GET",
            "resource":"/accounts/:id/transactions/:tid",
            "uriParameters":{
                "id":"<PARAMETER_VALUE>",
                "tid":"<PARAMETER_VALUE>"
            }
        }
    }
}